Ref_C	691	NNRTI_L100I
Ref_C	694	NNRTI_K101EIPQ
Ref_C	700	NNRTI_K103EHNQRST
Ref_C	709	NNRTI_V106AIM
Ref_C	934	NNRTI_Y181CIV
Ref_C	955	NNRTI_Y188CHL
Ref_C	961	NNRTI_G190ACEQRSTV
Ref_C	1081	NNRTI_M230L
Ref_C	514	NRTI_M41L
Ref_C	586	NRTI_K65R
Ref_C	592	NRTI_D67AEGNS
Ref_C	598	NRTI_ins69TRVMG
Ref_C	601	NRTI_K70ERS
Ref_C	613	NRTI_L74IV
Ref_C	736	NRTI_Y115F
Ref_C	844	NRTI_Q151M
Ref_C	943	NRTI_M184IVT
Ref_C	1021	NRTI_L210W
Ref_C	1036	NRTI_T215FY
Ref_C	1048	NRTI_K219ENQRW
Ref_C	184	PI_D30N
Ref_C	190	PI_V32I
Ref_C	193	PI_L33F
Ref_C	232	PI_M46IL
Ref_C	235	PI_I47VA
Ref_C	238	PI_G48VM
Ref_C	244	PI_I50LV
Ref_C	256	PI_I54VTALM
Ref_C	322	PI_L76V
Ref_C	340	PI_V82ATFS
Ref_C	346	PI_I84V
Ref_C	358	PI_N88DS
Ref_C	364	PI_L90M
